{
  "project_info": {
    "project_number": "757446820609",
    "project_id": "sistra-6ea00",
    "storage_bucket": "sistra-6ea00.firebasestorage.app"
  },
  "client": [
    {
      "client_info": {
        "mobilesdk_app_id": "1:757446820609:android:71d605bba56a7c591f1100",
        "android_client_info": {
          "package_name": "com.sistra"
        }
      },
      "oauth_client": [
        {
          "client_id": "757446820609-chcqs0sn8r4rlu9u17cvl20ltivnt259.apps.googleusercontent.com",
          "client_type": 1,
          "android_info": {
            "package_name": "com.sistra",
            "certificate_hash": "4d3dd3be60f109811c13453713f292897e4d4cdc"
          }
        },
        {
          "client_id": "757446820609-qqn1e6rshbpohms98gl5h5kivljfh4p6.apps.googleusercontent.com",
          "client_type": 3
        }
      ],
      "api_key": [
        {
          "current_key": "AIzaSyD_wxK4bKh5G9AlwofyY4PrYTIa9RB3dxM"
        }
      ],
      "services": {
        "appinvite_service": {
          "other_platform_oauth_client": [
            {
              "client_id": "757446820609-qqn1e6rshbpohms98gl5h5kivljfh4p6.apps.googleusercontent.com",
              "client_type": 3
            }
          ]
        }
      }
    }
  ],
  "configuration_version": "1"
}