{"nm":"Success","ddd":0,"h":32,"w":32,"meta":{"g":"@lottiefiles/toolkit-js 0.33.2"},"layers":[{"ty":4,"nm":"Layer 5 copy Outlines 3","sr":1,"st":13,"op":56,"ip":14,"hd":false,"ddd":0,"bm":0,"hasMask":false,"ao":0,"ks":{"a":{"a":0,"k":[499.75,499.75,0],"ix":1},"s":{"a":1,"k":[{"o":{"x":0.663,"y":0},"i":{"x":0,"y":1},"s":[2.67,2.67,100],"t":24},{"o":{"x":0.708,"y":0},"i":{"x":0.667,"y":1},"s":[3.01,3.01,100],"t":45.889},{"o":{"x":0.167,"y":0.167},"i":{"x":0.833,"y":0.833},"s":[2.67,2.67,100],"t":55},{"s":[2.67,2.67,100],"t":75}],"ix":6},"sk":{"a":0,"k":0},"p":{"a":0,"k":[16.15,16.13,0],"ix":2},"r":{"a":0,"k":-180,"ix":10},"sa":{"a":0,"k":0},"o":{"a":1,"k":[{"o":{"x":1,"y":0},"i":{"x":0.667,"y":1},"s":[100],"t":75},{"s":[0],"t":90}],"ix":11}},"ef":[],"shapes":[{"ty":"gr","bm":0,"hd":false,"mn":"ADBE Vector Group","nm":"Group 2","ix":1,"cix":2,"np":3,"it":[{"ty":"sh","bm":0,"hd":false,"mn":"ADBE Vector Shape - Group","nm":"Path 1","ix":1,"d":1,"ks":{"a":0,"k":{"c":true,"i":[[253.222,0],[0,-253.222],[-253.222,0],[0,253.222]],"o":[[-253.222,0],[0,253.222],[253.222,0],[0,-253.222]],"v":[[0,-458.5],[-458.5,0],[0,458.5],[458.5,0]]},"ix":2}},{"ty":"st","bm":0,"hd":false,"mn":"ADBE Vector Graphic - Stroke","nm":"Stroke 1","lc":2,"lj":1,"ml":4,"o":{"a":0,"k":100,"ix":4},"w":{"a":0,"k":80,"ix":5},"c":{"a":0,"k":[0,0,0],"ix":3}},{"ty":"tm","bm":0,"hd":false,"mn":"ADBE Vector Filter - Trim","nm":"Trim Paths 1","ix":3,"e":{"a":1,"k":[{"o":{"x":0.333,"y":0},"i":{"x":0,"y":1},"s":[0],"t":14},{"o":{"x":0.167,"y":0},"i":{"x":0.833,"y":1},"s":[100],"t":28},{"o":{"x":0.167,"y":0},"i":{"x":0.833,"y":1},"s":[100],"t":55},{"s":[100],"t":75}],"ix":2},"o":{"a":0,"k":-138,"ix":3},"s":{"a":1,"k":[{"o":{"x":0.167,"y":0},"i":{"x":0.833,"y":1},"s":[0],"t":28},{"o":{"x":0.167,"y":0},"i":{"x":0.833,"y":1},"s":[0],"t":55},{"s":[0],"t":75}],"ix":1},"m":1},{"ty":"tr","a":{"a":0,"k":[0,0],"ix":1},"s":{"a":0,"k":[100,100],"ix":3},"sk":{"a":0,"k":0,"ix":4},"p":{"a":0,"k":[499.75,499.75],"ix":2},"r":{"a":0,"k":0,"ix":6},"sa":{"a":0,"k":0,"ix":5},"o":{"a":0,"k":100,"ix":7}}]}],"ind":1},{"ty":4,"nm":"suc_v2 Outlines","sr":1,"st":0,"op":56,"ip":0,"hd":false,"ddd":0,"bm":0,"hasMask":false,"ao":0,"ks":{"a":{"a":0,"k":[500,500,0],"ix":1},"s":{"a":1,"k":[{"o":{"x":0.663,"y":0},"i":{"x":0,"y":1},"s":[2.67,2.67,100],"t":20},{"o":{"x":0.708,"y":0},"i":{"x":0.667,"y":1},"s":[3.01,3.01,100],"t":41.889},{"s":[2.67,2.67,100],"t":51}],"ix":6},"sk":{"a":0,"k":0},"p":{"a":0,"k":[16,16,0],"ix":2},"r":{"a":0,"k":0,"ix":10},"sa":{"a":0,"k":0},"o":{"a":1,"k":[{"o":{"x":1,"y":0},"i":{"x":0.667,"y":1},"s":[100],"t":75},{"s":[0],"t":90}],"ix":11}},"ef":[],"shapes":[{"ty":"gr","bm":0,"hd":false,"mn":"ADBE Vector Group","nm":"Group 1","ix":1,"cix":2,"np":3,"it":[{"ty":"sh","bm":0,"hd":false,"mn":"ADBE Vector Shape - Group","nm":"Path 1","ix":1,"d":1,"ks":{"a":0,"k":{"c":false,"i":[[0,0],[0,0],[0,0],[0,0],[0,0],[-193.026,188.393],[-16.586,12.394],[-101.799,0],[0,-250.737],[250.737,0],[0,250.738],[-58.758,76.525],[-32,29]],"o":[[0,0],[0,0],[0,0],[0,0],[0,0],[1.083,-1.057],[75.723,-56.584],[250.737,0],[0,250.738],[-250.737,0],[0,-103.938],[0,0],[0,0]],"v":[[-291.077,-25.784],[-79.357,185.936],[250,-144.401],[-79.357,185.936],[-291.077,-25.784],[-277.942,-358.942],[-271.495,-363.911],[0,-454],[454,0],[0,454],[-454,0],[-360.314,-276.243],[-286,-353]]},"ix":2}},{"ty":"st","bm":0,"hd":false,"mn":"ADBE Vector Graphic - Stroke","nm":"Stroke 1","lc":2,"lj":2,"ml":1,"o":{"a":0,"k":100,"ix":4},"w":{"a":0,"k":80,"ix":5},"c":{"a":0,"k":[0,0,0],"ix":3}},{"ty":"tm","bm":0,"hd":false,"mn":"ADBE Vector Filter - Trim","nm":"Trim Paths 1","ix":3,"e":{"a":1,"k":[{"o":{"x":0.513,"y":0},"i":{"x":0.478,"y":0.965},"s":[100],"t":4},{"o":{"x":0.167,"y":0},"i":{"x":0.833,"y":1},"s":[0],"t":22},{"o":{"x":0.167,"y":0},"i":{"x":0.833,"y":1},"s":[0],"t":55},{"s":[0],"t":75}],"ix":2},"o":{"a":0,"k":0,"ix":3},"s":{"a":1,"k":[{"o":{"x":0.585,"y":0},"i":{"x":0.416,"y":1},"s":[100],"t":1},{"o":{"x":0.167,"y":0},"i":{"x":0.833,"y":1},"s":[31],"t":27},{"o":{"x":0.167,"y":0},"i":{"x":0.833,"y":1},"s":[31],"t":55},{"s":[31],"t":75}],"ix":1},"m":1},{"ty":"tr","a":{"a":0,"k":[0,0],"ix":1},"s":{"a":0,"k":[100,100],"ix":3},"sk":{"a":0,"k":0,"ix":4},"p":{"a":0,"k":[500.5,500.5],"ix":2},"r":{"a":0,"k":0,"ix":6},"sa":{"a":0,"k":0,"ix":5},"o":{"a":0,"k":100,"ix":7}}]}],"ind":2}],"v":"5.3.4","fr":25,"op":56,"ip":0,"assets":[]}